image_id,label
13_60.jpg,8
12_32.jpg,8
13_38.jpg,8
13_39.jpg,8
13_67.jpg,8
13_77.jpg,8
12_26.jpg,8
12_39.jpg,8
12_54.jpg,8
13_50.jpg,8
13_71.jpg,8
12_83.jpg,8
12_50.jpg,8
13_91.jpg,8
13_96.jpg,8
13_98.jpg,8
12_66.jpg,8
13_103.jpg,8
12_76.jpg,8
13_42.jpg,8
12_17.jpg,8
13_41.jpg,8
13_34.jpg,8
12_38.jpg,8
12_25.jpg,8
12_28.jpg,8
13_79.jpg,8
13_53.jpg,8
12_47.jpg,8
12_52.jpg,8
13_30.jpg,8
13_55.jpg,8
13_74.jpg,8
13_62.jpg,8
12_73.jpg,8
12_78.jpg,8
12_75.jpg,8
12_20.jpg,8
13_65.jpg,8
12_34.jpg,8
12_71.jpg,8
13_32.jpg,8
12_18.jpg,8
13_70.jpg,8
12_85.jpg,8
12_82.jpg,8
12_74.jpg,8
12_44.jpg,8
13_86.jpg,8
13_100.jpg,8
12_33.jpg,8
13_90.jpg,8
12_80.jpg,8
13_47.jpg,8
12_40.jpg,8
13_76.jpg,8
13_43.jpg,8
13_102.jpg,8
12_84.jpg,8
12_69.jpg,8
13_66.jpg,8
12_23.jpg,8
12_30.jpg,8
12_58.jpg,8
13_84.jpg,8
13_40.jpg,8
12_62.jpg,8
12_55.jpg,8
12_49.jpg,8
12_48.jpg,8
12_24.jpg,8
13_44.jpg,8
12_65.jpg,8
13_45.jpg,8
12_27.jpg,8
12_64.jpg,8
12_22.jpg,8
13_69.jpg,8
13_36.jpg,8
13_105.jpg,8
12_21.jpg,8
12_63.jpg,8
13_99.jpg,8
12_81.jpg,8
12_45.jpg,8
13_68.jpg,8
13_82.jpg,8
12_56.jpg,8
13_80.jpg,8
13_83.jpg,8
13_37.jpg,8
13_35.jpg,8
13_49.jpg,8
12_57.jpg,8
12_51.jpg,8
13_58.jpg,8
12_31.jpg,8
12_72.jpg,8
13_81.jpg,8
13_73.jpg,8
13_56.jpg,8
12_59.jpg,8
13_93.jpg,8
12_19.jpg,8
12_68.jpg,8
13_104.jpg,8
13_92.jpg,8
13_61.jpg,8
11_17.jpg,7
10_83.jpg,7
11_59.jpg,7
11_49.jpg,7
10_92.jpg,7
10_87.jpg,7
10_86.jpg,7
11_14.jpg,7
10_37.jpg,7
10_39.jpg,7
10_51.jpg,7
11_11.jpg,7
10_33.jpg,7
11_25.jpg,7
11_10.jpg,7
11_29.jpg,7
10_48.jpg,7
10_59.jpg,7
11_65.jpg,7
10_34.jpg,7
10_41.jpg,7
10_30.jpg,7
10_58.jpg,7
10_68.jpg,7
11_35.jpg,7
10_61.jpg,7
10_27.jpg,7
10_77.jpg,7
11_56.jpg,7
11_23.jpg,7
11_58.jpg,7
10_70.jpg,7
11_64.jpg,7
10_42.jpg,7
10_81.jpg,7
11_63.jpg,7
11_15.jpg,7
10_91.jpg,7
10_60.jpg,7
11_48.jpg,7
10_40.jpg,7
11_13.jpg,7
10_94.jpg,7
11_24.jpg,7
11_45.jpg,7
11_37.jpg,7
11_43.jpg,7
11_61.jpg,7
11_18.jpg,7
10_69.jpg,7
11_42.jpg,7
10_71.jpg,7
10_65.jpg,7
10_52.jpg,7
10_82.jpg,7
11_40.jpg,7
10_45.jpg,7
10_43.jpg,7
10_47.jpg,7
10_80.jpg,7
10_29.jpg,7
10_97.jpg,7
11_60.jpg,7
10_32.jpg,7
11_62.jpg,7
11_36.jpg,7
10_50.jpg,7
10_62.jpg,7
11_26.jpg,7
10_49.jpg,7
11_52.jpg,7
11_54.jpg,7
10_38.jpg,7
11_47.jpg,7
10_35.jpg,7
11_31.jpg,7
11_57.jpg,7
11_38.jpg,7
11_67.jpg,7
11_44.jpg,7
11_28.jpg,7
11_20.jpg,7
11_22.jpg,7
10_64.jpg,7
11_39.jpg,7
10_67.jpg,7
10_75.jpg,7
11_55.jpg,7
10_66.jpg,7
11_51.jpg,7
10_63.jpg,7
11_32.jpg,7
11_46.jpg,7
11_19.jpg,7
10_73.jpg,7
10_28.jpg,7
6_56.jpg,4
6_52.jpg,4
5_9.jpg,4
5_10.jpg,4
6_47.jpg,4
6_25.jpg,4
6_35.jpg,4
6_22.jpg,4
6_18.jpg,4
6_66.jpg,4
5_5.jpg,4
6_55.jpg,4
5_17.jpg,4
5_3.jpg,4
6_39.jpg,4
6_44.jpg,4
6_69.jpg,4
6_58.jpg,4
6_59.jpg,4
6_73.jpg,4
6_53.jpg,4
6_43.jpg,4
6_16.jpg,4
5_11.jpg,4
6_65.jpg,4
6_68.jpg,4
6_31.jpg,4
6_49.jpg,4
6_20.jpg,4
6_17.jpg,4
6_28.jpg,4
5_6.jpg,4
5_2.jpg,4
5_16.jpg,4
6_61.jpg,4
6_21.jpg,4
5_12.jpg,4
6_64.jpg,4
6_19.jpg,4
6_27.jpg,4
6_40.jpg,4
6_54.jpg,4
6_60.jpg,4
5_15.jpg,4
6_72.jpg,4
6_26.jpg,4
6_23.jpg,4
6_33.jpg,4
6_57.jpg,4
6_70.jpg,4
6_51.jpg,4
6_14.jpg,4
6_50.jpg,4
5_14.jpg,4
6_62.jpg,4
6_30.jpg,4
5_4.jpg,4
6_67.jpg,4
17_43.jpg,10
17_41.jpg,10
17_20.jpg,10
17_63.jpg,10
17_21.jpg,10
17_32.jpg,10
17_12.jpg,10
17_14.jpg,10
17_49.jpg,10
17_10.jpg,10
17_42.jpg,10
17_4.jpg,10
17_23.jpg,10
17_62.jpg,10
17_60.jpg,10
17_26.jpg,10
17_40.jpg,10
17_31.jpg,10
17_55.jpg,10
17_46.jpg,10
17_28.jpg,10
17_44.jpg,10
17_52.jpg,10
17_33.jpg,10
17_30.jpg,10
17_18.jpg,10
17_64.jpg,10
17_61.jpg,10
17_11.jpg,10
17_39.jpg,10
17_7.jpg,10
17_16.jpg,10
17_37.jpg,10
17_6.jpg,10
17_24.jpg,10
17_38.jpg,10
17_5.jpg,10
17_3.jpg,10
17_59.jpg,10
17_34.jpg,10
17_22.jpg,10
17_19.jpg,10
17_9.jpg,10
17_48.jpg,10
17_51.jpg,10
17_27.jpg,10
17_25.jpg,10
17_58.jpg,10
1_76.jpg,1
1_79.jpg,1
1_49.jpg,1
1_41.jpg,1
1_52.jpg,1
1_57.jpg,1
1_25.jpg,1
1_24.jpg,1
1_62.jpg,1
1_63.jpg,1
1_74.jpg,1
1_21.jpg,1
1_78.jpg,1
1_37.jpg,1
1_72.jpg,1
1_22.jpg,1
1_16.jpg,1
1_42.jpg,1
1_47.jpg,1
1_65.jpg,1
1_51.jpg,1
1_31.jpg,1
1_29.jpg,1
1_67.jpg,1
1_81.jpg,1
1_18.jpg,1
1_59.jpg,1
1_66.jpg,1
1_43.jpg,1
1_75.jpg,1
1_53.jpg,1
1_70.jpg,1
1_23.jpg,1
1_20.jpg,1
1_60.jpg,1
1_48.jpg,1
1_69.jpg,1
1_46.jpg,1
1_73.jpg,1
1_40.jpg,1
1_55.jpg,1
1_77.jpg,1
1_32.jpg,1
1_19.jpg,1
1_68.jpg,1
1_27.jpg,1
1_82.jpg,1
1_30.jpg,1
1_15.jpg,1
1_61.jpg,1
1_26.jpg,1
2_72.jpg,2
2_69.jpg,2
2_59.jpg,2
2_16.jpg,2
2_63.jpg,2
2_31.jpg,2
2_35.jpg,2
2_53.jpg,2
2_43.jpg,2
2_65.jpg,2
2_60.jpg,2
2_57.jpg,2
2_52.jpg,2
2_33.jpg,2
2_22.jpg,2
2_5.jpg,2
2_6.jpg,2
2_51.jpg,2
2_10.jpg,2
2_28.jpg,2
2_41.jpg,2
2_8.jpg,2
2_26.jpg,2
2_46.jpg,2
2_55.jpg,2
2_12.jpg,2
2_32.jpg,2
2_24.jpg,2
2_30.jpg,2
2_0.jpg,2
2_38.jpg,2
2_45.jpg,2
2_19.jpg,2
2_29.jpg,2
2_21.jpg,2
2_39.jpg,2
2_20.jpg,2
2_68.jpg,2
2_54.jpg,2
2_13.jpg,2
2_40.jpg,2
2_25.jpg,2
2_27.jpg,2
2_37.jpg,2
2_11.jpg,2
2_17.jpg,2
2_47.jpg,2
2_18.jpg,2
2_50.jpg,2
2_14.jpg,2
2_64.jpg,2
2_23.jpg,2
2_61.jpg,2
2_3.jpg,2
4_15.jpg,3
3_28.jpg,3
4_43.jpg,3
4_16.jpg,3
3_92.jpg,3
3_44.jpg,3
4_1.jpg,3
3_67.jpg,3
3_18.jpg,3
4_54.jpg,3
4_52.jpg,3
3_7.jpg,3
3_38.jpg,3
3_70.jpg,3
4_8.jpg,3
3_24.jpg,3
3_41.jpg,3
4_37.jpg,3
3_25.jpg,3
3_47.jpg,3
4_40.jpg,3
3_21.jpg,3
3_60.jpg,3
3_51.jpg,3
3_27.jpg,3
3_32.jpg,3
4_35.jpg,3
3_13.jpg,3
3_22.jpg,3
3_9.jpg,3
4_26.jpg,3
3_2.jpg,3
4_30.jpg,3
4_17.jpg,3
3_58.jpg,3
3_66.jpg,3
3_46.jpg,3
3_45.jpg,3
4_36.jpg,3
3_20.jpg,3
4_33.jpg,3
3_30.jpg,3
3_35.jpg,3
3_50.jpg,3
3_26.jpg,3
3_43.jpg,3
3_62.jpg,3
4_11.jpg,3
3_94.jpg,3
3_75.jpg,3
3_37.jpg,3
3_0.jpg,3
3_99.jpg,3
4_49.jpg,3
3_42.jpg,3
3_93.jpg,3
3_49.jpg,3
3_89.jpg,3
3_33.jpg,3
4_12.jpg,3
3_73.jpg,3
4_44.jpg,3
4_42.jpg,3
4_18.jpg,3
3_11.jpg,3
4_56.jpg,3
4_20.jpg,3
4_21.jpg,3
4_48.jpg,3
4_14.jpg,3
3_77.jpg,3
3_64.jpg,3
4_46.jpg,3
3_14.jpg,3
3_5.jpg,3
4_55.jpg,3
3_34.jpg,3
4_22.jpg,3
3_71.jpg,3
4_25.jpg,3
3_56.jpg,3
3_61.jpg,3
3_39.jpg,3
3_3.jpg,3
4_38.jpg,3
4_19.jpg,3
4_3.jpg,3
3_63.jpg,3
3_72.jpg,3
3_57.jpg,3
3_19.jpg,3
4_29.jpg,3
4_4.jpg,3
3_40.jpg,3
3_53.jpg,3
3_88.jpg,3
3_31.jpg,3
3_16.jpg,3
3_8.jpg,3
3_23.jpg,3
3_78.jpg,3
3_84.jpg,3
4_34.jpg,3
3_55.jpg,3
3_86.jpg,3
4_45.jpg,3
4_5.jpg,3
4_0.jpg,3
4_53.jpg,3
3_6.jpg,3
3_4.jpg,3
4_39.jpg,3
4_58.jpg,3
3_82.jpg,3
3_59.jpg,3
3_79.jpg,3
4_27.jpg,3
3_76.jpg,3
3_17.jpg,3
7_11.jpg,5
7_1.jpg,5
7_53.jpg,5
7_58.jpg,5
7_33.jpg,5
7_48.jpg,5
7_4.jpg,5
7_38.jpg,5
7_40.jpg,5
7_41.jpg,5
7_47.jpg,5
7_50.jpg,5
7_8.jpg,5
7_5.jpg,5
7_49.jpg,5
7_30.jpg,5
7_43.jpg,5
7_37.jpg,5
7_54.jpg,5
7_18.jpg,5
7_55.jpg,5
7_10.jpg,5
7_36.jpg,5
7_14.jpg,5
7_32.jpg,5
7_23.jpg,5
7_12.jpg,5
7_42.jpg,5
7_39.jpg,5
7_44.jpg,5
7_35.jpg,5
7_51.jpg,5
7_27.jpg,5
7_6.jpg,5
7_20.jpg,5
7_56.jpg,5
7_2.jpg,5
7_22.jpg,5
7_59.jpg,5
7_45.jpg,5
7_34.jpg,5
7_28.jpg,5
7_7.jpg,5
7_57.jpg,5
7_0.jpg,5
14_50.jpg,9
14_81.jpg,9
15_41.jpg,9
16_57.jpg,9
14_78.jpg,9
16_49.jpg,9
15_50.jpg,9
16_51.jpg,9
15_58.jpg,9
15_20.jpg,9
15_47.jpg,9
16_65.jpg,9
16_50.jpg,9
15_43.jpg,9
14_85.jpg,9
14_45.jpg,9
14_43.jpg,9
16_24.jpg,9
16_72.jpg,9
15_19.jpg,9
16_20.jpg,9
14_71.jpg,9
14_61.jpg,9
16_55.jpg,9
16_22.jpg,9
16_30.jpg,9
16_39.jpg,9
15_68.jpg,9
14_39.jpg,9
15_78.jpg,9
15_36.jpg,9
14_48.jpg,9
14_57.jpg,9
14_64.jpg,9
14_84.jpg,9
14_41.jpg,9
14_40.jpg,9
14_53.jpg,9
14_44.jpg,9
16_41.jpg,9
14_27.jpg,9
14_26.jpg,9
14_49.jpg,9
15_56.jpg,9
15_44.jpg,9
16_58.jpg,9
15_67.jpg,9
15_70.jpg,9
14_34.jpg,9
15_74.jpg,9
14_37.jpg,9
16_59.jpg,9
15_45.jpg,9
15_77.jpg,9
14_83.jpg,9
14_29.jpg,9
14_77.jpg,9
15_27.jpg,9
16_27.jpg,9
15_83.jpg,9
15_38.jpg,9
16_71.jpg,9
16_29.jpg,9
16_76.jpg,9
15_30.jpg,9
15_75.jpg,9
15_25.jpg,9
16_16.jpg,9
14_32.jpg,9
14_31.jpg,9
14_67.jpg,9
15_76.jpg,9
16_44.jpg,9
15_82.jpg,9
16_61.jpg,9
15_84.jpg,9
15_46.jpg,9
15_72.jpg,9
14_38.jpg,9
16_52.jpg,9
15_51.jpg,9
14_55.jpg,9
15_60.jpg,9
16_37.jpg,9
15_39.jpg,9
15_32.jpg,9
14_68.jpg,9
16_33.jpg,9
15_73.jpg,9
16_45.jpg,9
15_53.jpg,9
15_66.jpg,9
16_70.jpg,9
14_36.jpg,9
15_54.jpg,9
16_47.jpg,9
15_69.jpg,9
16_26.jpg,9
16_74.jpg,9
16_68.jpg,9
14_73.jpg,9
16_18.jpg,9
14_82.jpg,9
16_43.jpg,9
16_25.jpg,9
15_33.jpg,9
16_17.jpg,9
14_42.jpg,9
16_54.jpg,9
15_81.jpg,9
16_67.jpg,9
15_79.jpg,9
14_51.jpg,9
14_69.jpg,9
15_17.jpg,9
16_28.jpg,9
16_73.jpg,9
16_31.jpg,9
15_34.jpg,9
15_63.jpg,9
15_24.jpg,9
15_57.jpg,9
14_63.jpg,9
16_60.jpg,9
14_46.jpg,9
15_22.jpg,9
16_64.jpg,9
14_65.jpg,9
15_71.jpg,9
14_72.jpg,9
14_59.jpg,9
15_64.jpg,9
16_46.jpg,9
14_86.jpg,9
16_34.jpg,9
14_30.jpg,9
15_65.jpg,9
15_59.jpg,9
14_33.jpg,9
14_28.jpg,9
14_74.jpg,9
14_58.jpg,9
14_60.jpg,9
16_23.jpg,9
9_60.jpg,6
9_29.jpg,6
9_35.jpg,6
9_18.jpg,6
9_47.jpg,6
8_55.jpg,6
8_59.jpg,6
9_23.jpg,6
9_20.jpg,6
8_21.jpg,6
8_77.jpg,6
8_28.jpg,6
8_16.jpg,6
8_34.jpg,6
8_45.jpg,6
9_52.jpg,6
8_71.jpg,6
9_33.jpg,6
9_55.jpg,6
9_63.jpg,6
9_45.jpg,6
9_65.jpg,6
8_48.jpg,6
8_56.jpg,6
8_23.jpg,6
9_66.jpg,6
8_53.jpg,6
8_52.jpg,6
9_30.jpg,6
8_32.jpg,6
9_53.jpg,6
9_26.jpg,6
8_42.jpg,6
8_30.jpg,6
8_78.jpg,6
8_36.jpg,6
8_51.jpg,6
8_25.jpg,6
8_63.jpg,6
8_46.jpg,6
9_19.jpg,6
9_28.jpg,6
9_40.jpg,6
9_54.jpg,6
9_41.jpg,6
9_31.jpg,6
9_62.jpg,6
8_60.jpg,6
9_56.jpg,6
9_61.jpg,6
9_37.jpg,6
9_44.jpg,6
8_29.jpg,6
8_31.jpg,6
9_68.jpg,6
9_48.jpg,6
8_68.jpg,6
8_65.jpg,6
8_64.jpg,6
8_49.jpg,6
9_38.jpg,6
9_27.jpg,6
8_18.jpg,6
9_67.jpg,6
8_40.jpg,6
8_33.jpg,6
9_16.jpg,6
8_38.jpg,6
8_69.jpg,6
9_15.jpg,6
8_57.jpg,6
8_19.jpg,6
8_79.jpg,6
9_59.jpg,6
9_46.jpg,6
8_67.jpg,6
8_75.jpg,6
8_27.jpg,6
9_24.jpg,6
8_15.jpg,6
8_66.jpg,6
8_41.jpg,6
8_35.jpg,6
8_70.jpg,6
8_20.jpg,6
